"en_USA_nytime_int"	"The New York Times"	"China"	"2156"
"en_USA_nytime_int"	"The New York Times"	"Ukraine"	"1449"
"en_USA_nytime_int"	"The New York Times"	"United States of America"	"1335"
"en_USA_nytime_int"	"The New York Times"	"India"	"1212"
"en_USA_nytime_int"	"The New York Times"	"Israel"	"1210"
"en_USA_nytime_int"	"The New York Times"	"Syria"	"917"
"en_USA_nytime_int"	"The New York Times"	"Iraq"	"890"
"en_USA_nytime_int"	"The New York Times"	"United Kingdom"	"819"
"en_USA_nytime_int"	"The New York Times"	"Iran"	"815"
"en_USA_nytime_int"	"The New York Times"	"France"	"804"
"en_USA_nytime_int"	"The New York Times"	"Afghanistan"	"723"
"en_USA_nytime_int"	"The New York Times"	"Hong Kong"	"589"
"en_USA_nytime_int"	"The New York Times"	"Pakistan"	"541"
"en_USA_nytime_int"	"The New York Times"	"Egypt"	"528"
"en_USA_nytime_int"	"The New York Times"	"Germany"	"437"
"en_USA_nytime_int"	"The New York Times"	"Turkey"	"410"
"en_USA_nytime_int"	"The New York Times"	"Japan"	"407"
"en_USA_nytime_int"	"The New York Times"	"North Korea"	"344"
"en_USA_nytime_int"	"The New York Times"	"Yemen"	"328"
"en_USA_nytime_int"	"The New York Times"	"Greece"	"322"
"en_USA_nytime_int"	"The New York Times"	"South Korea"	"295"
"en_USA_nytime_int"	"The New York Times"	"South Africa"	"272"
"en_USA_nytime_int"	"The New York Times"	"Nigeria"	"267"
"en_USA_nytime_int"	"The New York Times"	"Mexico"	"263"
"en_USA_nytime_int"	"The New York Times"	"Vatican"	"254"
"en_USA_nytime_int"	"The New York Times"	"Malaysia"	"248"
"en_USA_nytime_int"	"The New York Times"	"Canada"	"231"
"en_USA_nytime_int"	"The New York Times"	"Saudi Arabia"	"228"
"en_USA_nytime_int"	"The New York Times"	"Spain"	"226"
"en_USA_nytime_int"	"The New York Times"	"Brazil"	"225"
"en_USA_nytime_int"	"The New York Times"	"Italy"	"223"
"en_USA_nytime_int"	"The New York Times"	"Cuba"	"223"
"en_USA_nytime_int"	"The New York Times"	"Libya"	"196"
"en_USA_nytime_int"	"The New York Times"	"Australia"	"193"
"en_USA_nytime_int"	"The New York Times"	"Thailand"	"165"
"en_USA_nytime_int"	"The New York Times"	"Nepal"	"154"
"en_USA_nytime_int"	"The New York Times"	"Sudan"	"153"
"en_USA_nytime_int"	"The New York Times"	"Indonesia"	"152"
"en_USA_nytime_int"	"The New York Times"	"Tunisia"	"150"
"en_USA_nytime_int"	"The New York Times"	"Liberia"	"138"
"en_USA_nytime_int"	"The New York Times"	"Myanmar"	"117"
"en_USA_nytime_int"	"The New York Times"	"Somalia"	"115"
"en_USA_nytime_int"	"The New York Times"	"Lebanon"	"115"
"en_USA_nytime_int"	"The New York Times"	"Ireland"	"114"
"en_USA_nytime_int"	"The New York Times"	"Kenya"	"114"
"en_USA_nytime_int"	"The New York Times"	"Argentina"	"110"
"en_USA_nytime_int"	"The New York Times"	"Taiwan"	"110"
"en_USA_nytime_int"	"The New York Times"	"Venezuela"	"109"
"en_USA_nytime_int"	"The New York Times"	"Philippines"	"104"
"en_USA_nytime_int"	"The New York Times"	"Jordan"	"102"
"en_USA_nytime_int"	"The New York Times"	"South Sudan"	"94"
"en_USA_nytime_int"	"The New York Times"	"Bangladesh"	"92"
"en_USA_nytime_int"	"The New York Times"	"Poland"	"87"
"en_USA_nytime_int"	"The New York Times"	"Sri Lanka"	"87"
"en_USA_nytime_int"	"The New York Times"	"Central African Republic"	"70"
"en_USA_nytime_int"	"The New York Times"	"Qatar"	"67"
"en_USA_nytime_int"	"The New York Times"	"Colombia"	"67"
"en_USA_nytime_int"	"The New York Times"	"Switzerland"	"66"
"en_USA_nytime_int"	"The New York Times"	"Sweden"	"60"
"en_USA_nytime_int"	"The New York Times"	"Mali"	"57"
"en_USA_nytime_int"	"The New York Times"	"Denmark"	"52"
"en_USA_nytime_int"	"The New York Times"	"Belgium"	"51"
"en_USA_nytime_int"	"The New York Times"	"Sierra Leone"	"49"
"en_USA_nytime_int"	"The New York Times"	"Burundi"	"47"
"en_USA_nytime_int"	"The New York Times"	"Haiti"	"47"
"en_USA_nytime_int"	"The New York Times"	"Burkina Faso"	"44"
"en_USA_nytime_int"	"The New York Times"	"Armenia"	"42"
"en_USA_nytime_int"	"The New York Times"	"Algeria"	"38"
"en_USA_nytime_int"	"The New York Times"	"Congo"	"37"
"en_USA_nytime_int"	"The New York Times"	"Hungary"	"35"
"en_USA_nytime_int"	"The New York Times"	"Rwanda"	"35"
"en_USA_nytime_int"	"The New York Times"	"Chile"	"35"
"en_USA_nytime_int"	"The New York Times"	"Cambodia"	"35"
"en_USA_nytime_int"	"The New York Times"	"United Arab Emirates"	"35"
"en_USA_nytime_int"	"The New York Times"	"Bulgaria"	"33"
"en_USA_nytime_int"	"The New York Times"	"Bahrain"	"31"
"en_USA_nytime_int"	"The New York Times"	"El Salvador"	"31"
"en_USA_nytime_int"	"The New York Times"	"Uganda"	"30"
"en_USA_nytime_int"	"The New York Times"	"Norway"	"30"
"en_USA_nytime_int"	"The New York Times"	"Czech Republic"	"30"
"en_USA_nytime_int"	"The New York Times"	"Austria"	"30"
"en_USA_nytime_int"	"The New York Times"	"Honduras"	"28"
"en_USA_nytime_int"	"The New York Times"	"Romania"	"26"
"en_USA_nytime_int"	"The New York Times"	"Morocco"	"23"
"en_USA_nytime_int"	"The New York Times"	"Georgia"	"23"
"en_USA_nytime_int"	"The New York Times"	"Guinea"	"23"
"en_USA_nytime_int"	"The New York Times"	"Ethiopia"	"22"
"en_USA_nytime_int"	"The New York Times"	"Serbia"	"22"
"en_USA_nytime_int"	"The New York Times"	"Peru"	"21"
"en_USA_nytime_int"	"The New York Times"	"Uruguay"	"21"
"en_USA_nytime_int"	"The New York Times"	"Portugal"	"18"
"en_USA_nytime_int"	"The New York Times"	"Vietnam"	"17"
"en_USA_nytime_int"	"The New York Times"	"Chad"	"17"
"en_USA_nytime_int"	"The New York Times"	"Singapore"	"17"
"en_USA_nytime_int"	"The New York Times"	"Zambia"	"16"
"en_USA_nytime_int"	"The New York Times"	"Azerbaijan"	"16"
"en_USA_nytime_int"	"The New York Times"	"Guatemala"	"15"
"en_USA_nytime_int"	"The New York Times"	"Macedonia"	"14"
"en_USA_nytime_int"	"The New York Times"	"Luxembourg"	"14"
"en_USA_nytime_int"	"The New York Times"	"Zimbabwe"	"14"
"en_USA_nytime_int"	"The New York Times"	"Latvia"	"14"
"en_USA_nytime_int"	"The New York Times"	"Estonia"	"13"
"en_USA_nytime_int"	"The New York Times"	"Kazakhstan"	"13"
"en_USA_nytime_int"	"The New York Times"	"Belarus"	"12"
"en_USA_nytime_int"	"The New York Times"	"Gambia"	"12"
"en_USA_nytime_int"	"The New York Times"	"Niger"	"12"
"en_USA_nytime_int"	"The New York Times"	"Cameroon"	"12"
"en_USA_nytime_int"	"The New York Times"	"Bolivia"	"12"
"en_USA_nytime_int"	"The New York Times"	"Maldives"	"11"
"en_USA_nytime_int"	"The New York Times"	"Kuwait"	"11"
"en_USA_nytime_int"	"The New York Times"	"Lithuania"	"11"
"en_USA_nytime_int"	"The New York Times"	"Cyprus"	"10"
"en_USA_nytime_int"	"The New York Times"	"Nicaragua"	"10"
"en_USA_nytime_int"	"The New York Times"	"Dominican Republic"	"10"
"en_USA_nytime_int"	"The New York Times"	"Panama"	"10"
"en_USA_nytime_int"	"The New York Times"	"Finland"	"10"
"en_USA_nytime_int"	"The New York Times"	"New Zealand"	"9"
"en_USA_nytime_int"	"The New York Times"	"Senegal"	"9"
"en_USA_nytime_int"	"The New York Times"	"Costa Rica"	"9"
"en_USA_nytime_int"	"The New York Times"	"Jamaica"	"9"
"en_USA_nytime_int"	"The New York Times"	"Croatia"	"8"
"en_USA_nytime_int"	"The New York Times"	"Vanuatu"	"8"
"en_USA_nytime_int"	"The New York Times"	"Malawi"	"8"
"en_USA_nytime_int"	"The New York Times"	"Ghana"	"7"
"en_USA_nytime_int"	"The New York Times"	"Moldova"	"7"
"en_USA_nytime_int"	"The New York Times"	"Macau"	"6"
"en_USA_nytime_int"	"The New York Times"	"Uzbekistan"	"6"
"en_USA_nytime_int"	"The New York Times"	"Madagascar"	"6"
"en_USA_nytime_int"	"The New York Times"	"Bahamas"	"6"
"en_USA_nytime_int"	"The New York Times"	"Paraguay"	"5"
"en_USA_nytime_int"	"The New York Times"	"Iceland"	"5"
"en_USA_nytime_int"	"The New York Times"	"Sao Tome and Principe"	"5"
"en_USA_nytime_int"	"The New York Times"	"Fiji"	"4"
"en_USA_nytime_int"	"The New York Times"	"Mauritania"	"4"
"en_USA_nytime_int"	"The New York Times"	"Eritrea"	"4"
"en_USA_nytime_int"	"The New York Times"	"Kyrgyzstan"	"4"
"en_USA_nytime_int"	"The New York Times"	"Slovakia"	"4"
"en_USA_nytime_int"	"The New York Times"	"Mozambique"	"4"
"en_USA_nytime_int"	"The New York Times"	"Albania"	"4"
"en_USA_nytime_int"	"The New York Times"	"Malta"	"3"
"en_USA_nytime_int"	"The New York Times"	"Tanzania"	"3"
"en_USA_nytime_int"	"The New York Times"	"Papua New Guinea"	"3"
"en_USA_nytime_int"	"The New York Times"	"Trinidad and Tobago"	"3"
"en_USA_nytime_int"	"The New York Times"	"Slovenia"	"3"
"en_USA_nytime_int"	"The New York Times"	"Monaco"	"3"
"en_USA_nytime_int"	"The New York Times"	"Guyana"	"3"
"en_USA_nytime_int"	"The New York Times"	"Lesotho"	"2"
"en_USA_nytime_int"	"The New York Times"	"Turkmenistan"	"2"
"en_USA_nytime_int"	"The New York Times"	"Tajikistan"	"2"
"en_USA_nytime_int"	"The New York Times"	"Western Sahara"	"2"
"en_USA_nytime_int"	"The New York Times"	"Mongolia"	"2"
"en_USA_nytime_int"	"The New York Times"	"Bhutan"	"2"
"en_USA_nytime_int"	"The New York Times"	"Timor-Leste"	"2"
"en_USA_nytime_int"	"The New York Times"	"Guinea-Bissau"	"1"
"en_USA_nytime_int"	"The New York Times"	"Namibia"	"1"
"en_USA_nytime_int"	"The New York Times"	"Equatorial Guinea"	"1"
"en_USA_nytime_int"	"The New York Times"	"Solomon Islands"	"1"
"en_USA_nytime_int"	"The New York Times"	"Oman"	"1"
"en_USA_nytime_int"	"The New York Times"	"Liechtenstein"	"1"
"en_USA_nytime_int"	"The New York Times"	"Marshall Islands"	"1"
"en_USA_nytime_int"	"The New York Times"	"Suriname"	"1"
"en_USA_nytime_int"	"The New York Times"	"Barbados"	"1"
